{
    "training_loss": [
        0.9903258182108402,
        0.9902173690497875,
        0.9901038579642772,
        0.9900104410946369,
        0.989931108802557,
        0.9898601457476616
    ],
    "validation_loss": [
        0.9890237271785736,
        0.9888852030038834,
        0.9887573599815369,
        0.9886483162641525,
        0.9885181337594986,
        0.9884473502635955
    ],
    "validation_dice": [
        0.08748521655797958,
        0.07658921182155609,
        0.09378555417060852,
        0.09402002394199371,
        0.08335316181182861,
        0.09556786715984344
    ]
}